O/C,Status,Trade iD,Trade_Type,Trade_Date,Exp_Date,Up_Exp_Date,Delivery_Date,SELLER,BUYER,WEIGHT,QUANTITY,B Price,S Price,BUY AMOUNT,SELL AMOUNT,Maturity,PD_S,PD_B,VAR,VAR_Buyer,VAR_Seller,CVAR,CVAR_Buyer,CVAR_Seller,XVAR,XVAR_Buyer,XVAR_Seller
open,Pending Contract,f.2021.121,Trade,8/24/2021,12/31/2024,2025-01-15,Not Delivered,SAVE Energies,Armorine,100.00%,200.0,7350.0,7450.0,1470000.0,1490000.0,0.024640657084188913,0.5,0.5,-242798.64152857725,195905.31347805206,-256934.05183218187,-260882.98184541907,181426.4922463776,-272453.0447488345,-130441.49092270953,90713.2461231888,-136226.52237441725
open,Pending Contract,f.2022.336,Trade,8/25/2022,3/31/2023,2025-01-15,Not Delivered,OTC Flow (fee),Enens,50.00%,150.0,6193.96,5400.0,929094.0,810000.0,0.024640657084188913,0.5,0.85,-489622.7602659434,320382.2890879057,-500217.882840425,-503163.58528274583,309427.7873280206,-511836.9783180879,-251581.79264137291,263013.6192288176,-255918.48915904394
open,Pending Contract,f.2022.413,Trade,12/20/2023,6/30/2024,2025-01-15,Not Delivered,Installors,Gazel (Lagelouze),100.00%,50.0,6193.96,6730.0,309698.0,336500.0,0.024640657084188913,0.85,0.3,-96702.06637553546,106766.49500456151,-100274.98077377856,-101235.4149270143,103136.44530633789,-104123.26215389362,-86050.10268796213,30940.93359190136,-88504.77283080957
open,Pending Contract,f.2022.512,Trade,9/12/2023,12/30/2023,2025-01-15,Not Delivered,Installors,Gazel (Lagelouze),50.00%,50.0,6193.96,8300.0,309698.0,415000.0,0.024640657084188913,0.85,0.3,-18213.200916262467,106784.181601029,-21764.959013942414,-22734.1529871847,103136.31237053509,-25615.90004721258,-19324.030039106998,30940.893711160516,-21773.515040130686
open,Pending Delivery,f.2023.018,Trade,10/20/2023,10/19/2024,2025-01-15,Not Delivered,Greenta,Lagelouze,100.00%,240.0,7200.0,7500.0,1728000.0,1800000.0,0.024640657084188913,0.7,0.29,-279279.31175766664,271094.77924012666,-296291.00508417434,-301023.41083570296,253647.85050904515,-314899.6265210566,-210716.387584992,73557.87664762307,-220429.73856473961
open,Pending Delivery,f.2023.019,Trade,2/6/2023,12/20/2024,2025-01-15,Not Delivered,Enneo,Ekwateur,50.00%,100.0,9050.0,9200.0,905000.0,920000.0,0.024640657084188913,0.85,0.5,-65230.19897618513,-72062.55896199508,46532.5509154114,-73858.87290517971,-79327.17672481982,38795.836481130296,-36929.436452589856,-39663.58836240991,32976.461008960745
open,Pending Delivery,f.2023.030,Trade,2/2/2023,12/31/2025,2025-12-31,Not Delivered,Demathieu Bard (vente secondaire),Lagelouze,100.00%,59.099209,6000.0,6990.0,354595.254,413103.4709,0.9828884325804244,1.0,0.29,-155627.30225548928,88873.7137857867,-185622.44065079547,-195001.7055872924,65590.21439377849,-220643.7513514254,-195001.7055872924,19021.16217419576,-220643.7513514254
open,Pending Contract,f.2023.050,Trade,3/10/2023,12/10/2025,2025-12-10,Not Delivered,UEM,Ekwateur,33.33%,200.0,8100.0,8100.0,1620000.0,1620000.0,0.9253935660506503,0.29,0.5,-302094.8610167466,-114462.26953908081,-394519.6866379461,-426793.4925125315,-191903.9030889554,-508684.9319303898,-130689.58014802054,-95951.9515444777,-147518.630259813
open,Pending Delivery,f.2023.058,Trade,3/15/2023,12/31/2024,2025-01-15,Not Delivered,Idex Energies,OFEE-LEYTON,50.00%,300.0,7525.0,7630.0,2257500.0,2289000.0,0.024640657084188913,0.85,0.35,-310212.286010742,241301.31500114582,-331481.4176717926,-337311.32661097625,219511.28923770436,-354628.3534878518,-286714.6276193298,76828.95123319652,-301434.10046467395
open,Pending Contract,f.2023.066,Trade,3/30/2023,12/20/2025,2025-12-20,Not Delivered,UEM,Ekwateur,50.00%,70.0,8270.0,8270.0,578900.0,578900.0,0.9527720739219713,0.29,0.5,-98631.72031617949,-52578.941735745306,-127922.15014554617,-140930.25037966564,-80089.39306849151,-168535.40032085788,-45391.10653159586,-40044.696534245755,-48875.266093048784
open,Pending Delivery,f.2023.067,Trade,4/5/2023,11/1/2024,2025-01-15,Not Delivered,Idex Energies,Teksial,100.00%,300.0,7600.0,7900.0,2280000.0,2370000.0,0.024640657084188913,0.85,0.7,-229354.7677473151,218724.74849749435,-250625.3682249961,-256465.37325413426,197045.82195048244,-273779.09312189784,-217995.5672660141,137932.07536533772,-232712.2291536132
open,Pending Delivery,f.2023.088,Trade,5/5/2023,12/31/2023,2025-01-15,Not Delivered,Techni Toit Isolation,Lagelouze,100.00%,0.3934,6000.0,6990.0,2360.4,2749.866,0.024640657084188913,0.85,0.29,-658.4865502071674,916.5230014390306,-686.3642728809491,-694.0614936791416,888.0459090562092,-716.7880364384711,-589.9522696272702,257.53331362630064,-609.2698309727006
open,Pending Delivery,f.2023.139,Trade,7/11/2023,1/1/2024,2025-01-15,Not Delivered,UEM,Total Marketing France,50.00%,300.0,7800.0,7800.0,2340000.0,2340000.0,0.024640657084188913,0.29,0.27,-259314.90163834314,158716.8082905096,-280478.70687641547,-286382.9689313198,136944.19184205457,-303697.5620189781,-83051.06099008273,36974.93179735472,-88072.29298550365
open,Pending Contract,f.2023.139,Trade,5/24/2024,6/30/2024,2025-01-15,Not Delivered,S2EE (retiré du dépôt),Lagelouze 2,50.00%,0.6045,6193.96,7500.0,3744.24882,4533.75,0.024640657084188913,0.7,0.29,-703.5253172984011,1290.7694640547818,-746.3053563921277,-758.1141425645302,1247.0426280269048,-792.9684121539217,-530.6798997951712,361.6423621278023,-555.0778885077452
open,Pending Delivery,f.2023.144,Trade,7/11/2023,3/30/2024,2025-01-15,Not Delivered,Mairie de la Châtre,Teksial,100.00%,3.3,6000.0,7650.0,19800.0,25245.0,0.024640657084188913,0.35,0.7,-3346.1361578804526,7687.014013663408,-3579.1922468547737,-3643.7004052436214,7447.270643122194,-3833.7986360252053,-1275.2951418352675,5213.089450185536,-1341.8295226088223
open,Pending Delivery,f.2023.144,Trade,7/11/2023,9/30/2024,2025-01-15,Not Delivered,"Communauté de communes Combrailles, Sioule & Morge",Teksial,100.00%,2.235,5000.0,7670.0,11175.0,17142.45,0.024640657084188913,0.35,0.7,-2222.1166240103894,7441.57183682343,-2380.9806354893867,-2424.385766368242,7278.373809157371,-2553.6627014316696,-848.5350182288845,5094.861666410159,-893.7819455010841
open,Pending Contract,f.2023.148,Trade,7/18/2023,12/31/2026,2026-12-31,Not Delivered,FDE80,Total Marketing France,50.00%,401.328,7000.0,8000.0,2809296.0,3210624.0,1.9822039698836413,0.5,0.27,-907568.8806817048,83879.43688443182,-1219493.5916961343,-1321613.1244126523,-128839.35629563696,-1594010.2915291616,-660793.0530902956,-34786.62619982199,-797005.1457645808
open,Pending Delivery,f.2023.151,Trade,12/8/2023,3/30/2024,2025-01-15,Not Delivered,Enens,Total Energies,50.00%,28.160039,7380.0,7860.0,207821.0878,221337.9065,0.024640657084188913,0.85,0.27,-22650.124647704502,26741.654956257422,-24658.83841721006,-25210.220974081345,24703.82670405298,-26843.674826498293,-21428.687827969152,6670.033210094304,-22817.12360252354
open,Pending Contract,f.2023.158,Trade,7/28/2023,7/27/2024,2025-01-15,Not Delivered,Installors,UEM,50.00%,80.0,6193.96,7400.0,495516.8,592000.0,0.024640657084188913,0.85,0.29,-101110.99313472831,170802.50137987468,-106791.14722914941,-108371.05317680427,165000.95027493563,-113013.34928828171,-92115.39520028364,47850.27557973132,-96061.34689503949
open,Pending Contract,f.2023.158,Trade,9/26/2024,7/27/2024,2025-01-15,Not Delivered,Installors,UEM,50.00%,-70.0,6193.96,7400.0,-433577.2,-518000.0,0.024640657084188913,0.85,0.29,-172871.97862034745,-177852.485393707,65076.37458281074,-179212.7875576665,-183258.80935223476,59999.242423739335,-51971.70839172329,-53145.054712148085,50999.356060178434
open,Pending Delivery,f.2023.162,Trade,11/22/2023,6/21/2024,2025-01-15,Not Delivered,Communes de Dunières,Total Marketing France,100.00%,1.9025283,6400.0,8300.0,12176.18112,15790.98489,0.024640657084188913,0.35,0.27,-692.2417191658311,3670.09441691514,-827.685858651042,-864.6167283591316,3532.1828629461957,-974.6425080423663,-302.615854925696,953.689372995473,-341.1248778148283
open,Pending Delivery,f.2023.162,Trade,12/19/2023,12/31/2024,2025-01-15,Not Delivered,Eguzon-Argenton-Vallée de la Creuse,Total Marketing France,100.00%,0.9486,6200.0,8300.0,5881.32,7873.38,0.024640657084188913,0.35,0.27,-345.6766846124744,2020.4231334927574,-412.84205982874244,-431.34053868734395,1951.5720317805549,-486.0607490672619,-150.96918854057037,526.9244485807498,-170.12126217354168
open,Pending Delivery,f.2023.162,Trade,12/31/2023,12/31/2024,2025-01-15,Not Delivered,Éligibles,Total Marketing France,33.33%,-51.49103963,7088.92,8300.0,-365015.8607,-427375.629,0.024640657084188913,0.35,0.27,-81101.19908481676,-84762.10407255964,1517.4719440381482,-85760.77471516626,-88728.76938034226,-2219.103020472833,-23155.409173094897,-23956.76773269241,-776.6860571654914
open,Pending Contract,f.2023.162,Trade,12/31/2023,12/31/2024,2025-01-15,Not Delivered,Fonciere Vesta,Total Marketing France,50.00%,30.506929,7500.0,8300.0,228801.9675,253207.5107,0.024640657084188913,1.0,0.27,-11100.428406054205,25308.990580108388,-13269.228688766123,-13858.729976467977,23084.406995045196,-15617.311800907619,-13858.729976467977,6232.789888662202,-15617.311800907619
open,Pending Delivery,f.2023.162,Trade,12/31/2023,12/31/2024,2025-01-15,Not Delivered,CD de la Dordogne,Total Marketing France,50.00%,11.0,7200.0,8300.0,79200.0,91300.0,0.024640657084188913,0.35,0.27,-4007.381093094474,12427.452627642444,-4786.56754882093,-5003.768992187233,11629.019141389648,-5639.45227432942,-1751.3191472655312,3139.8351681752056,-1973.808296015297
open,Pending Delivery,f.2023.162,Trade,12/31/2023,2/14/2024,2025-01-15,Not Delivered,Villedieu les Poeles Rouffigny,Total Marketing France,50.00%,0.5511,5000.0,8300.0,2755.5,4574.13,0.024640657084188913,0.35,0.27,-200.53160023761242,1834.767185085753,-239.64829069151622,-250.3217576613514,1794.8343682581628,-282.1373885972878,-87.61261518147299,484.60527942970396,-98.7480860090507
open,Pending Delivery,f.2023.162,Trade,2/26/2024,3/20/2024,2025-01-15,Not Delivered,Commune d'agglomération de la Rochelle,Total Marketing France,100.00%,1.552219,6750.0,8300.0,10477.47825,12883.4177,0.024640657084188913,0.35,0.27,-565.1494798621643,2451.7963543001565,-674.9993283858388,-705.1686264160289,2339.267787558654,-794.6238623373268,-246.8090192456101,631.6023026408366,-278.11835181806435
open,Pending Delivery,f.2023.162,Trade,3/14/2024,4/30/2024,2025-01-15,Not Delivered,Communauté d'Agglomération Sarreguemines Confluences (CASC),Total Marketing France,100.00%,9.16084,7000.0,8300.0,64125.88,76034.972,0.024640657084188913,0.35,0.27,-3336.6789110124955,12179.251550996665,-3985.300371861118,-4163.901938309904,11514.054093773164,-4693.352697661731,-1457.3656784084665,3108.7946053187543,-1642.6734441816052
open,Pending Delivery,f.2023.162,Trade,3/18/2024,4/30/2024,2025-01-15,Not Delivered,SAIMV,Total Marketing France,100.00%,3.7861,7200.0,8300.0,27259.92,31424.63,0.024640657084188913,0.35,0.27,-1377.1979759052667,4275.79612108812,-1646.7702898347352,-1720.6071459327718,4002.2043207296024,-1939.6942658695514,-602.2125010764701,1080.5951665969928,-678.8929930543428
open,Pending Delivery,f.2023.162,Trade,4/18/2024,6/30/2024,2025-01-15,Not Delivered,Val Du loing Habitat,Total Marketing France,100.00%,11.8432,7500.0,8300.0,88824.0,98298.56,0.024640657084188913,0.35,0.27,-4311.293428855994,9823.988156190735,-5151.03796286476,-5381.637064151175,8961.567785521635,-6065.146977936101,-1883.5729724529108,2419.623302090842,-2122.8014422776355
open,Pending Contract,f.2023.162,Trade,5/21/2024,6/30/2024,2025-01-15,Not Delivered,Villemomble,Total Marketing France,100.00%,4.3587,7800.0,8300.0,33997.86,36177.21,0.024640657084188913,0.35,0.27,-1586.2629509859314,2308.499680098502,-1896.8677201018706,-1982.1465452096486,1991.7960065761695,-2234.751608342671,-693.751290823377,537.7849217755656,-782.1630629199349
open,Pending Contract,f.2023.162,Trade,7/2/2024,12/31/2024,2025-01-15,Not Delivered,Commune de Bavans,Total Marketing France,100.00%,1.5591,6500.0,8300.0,10134.15,12940.53,0.024640657084188913,0.35,0.27,-567.5120847321631,2853.1664075689346,-677.810894544991,-707.9698125724912,2740.054115746602,-797.5875679875644,-247.789434400372,739.8146112515825,-279.1556487956475
open,Pending Contract,f.2023.162,Trade,7/2/2024,12/31/2024,2025-01-15,Not Delivered,SAIMV,Total Marketing France,100.00%,0.494628,6800.0,8300.0,3363.4704,4105.4124,0.024640657084188913,0.35,0.27,-180.10252002741316,756.5941009686595,-215.16786360157263,-224.9459790240547,720.6875465456684,-253.55483095138297,-78.7310926584191,194.58563756733048,-88.74419083298403
open,Pending Delivery,f.2023.163,Trade,4/9/2024,9/25/2024,2025-01-15,Not Delivered,Safe Eco (vente secondaire),Lagelouze,100.00%,100.0,6100.0,6990.0,610000.0,699000.0,0.024640657084188913,0.35,0.29,-167355.86950494573,222897.39700350864,-174473.70491894303,-176400.91271905377,215630.1761928812,-182172.0470549866,-61740.319451668794,62532.751095935564,-63760.21646924528
open,Pending Delivery,f.2023.172,Trade,4/24/2024,4/30/2024,2025-01-15,Not Delivered,EcoFrance 2D,Thevenin Ducrot (Avia),50.00%,1.426,6400.0,7750.0,9126.4,11051.5,0.024640657084188913,,0.35,-1303.5513179483585,2752.1042376953046,-1405.1557022145198,-1432.8826076529783,2648.4465146014995,-1515.38378458001,,926.9562801105247,
open,Pending Delivery,f.2023.228,Trade,12/28/2023,12/31/2024,2025-01-15,Not Delivered,Eco Univers,Lagelouze,100.00%,10.1688,6500.0,6990.0,66097.2,71079.912,0.024640657084188913,0.7,0.29,-17023.701539241796,18602.419235085697,-17745.02491625657,-17942.80099915243,17867.42116188698,-18530.512269491588,-12559.9606994067,5181.552136947224,-12971.358588644114
open,Pending Contract,f.2023.229,Trade,12/31/2023,3/31/2026,2026-03-31,Not Delivered,CARBONE GROUP,Lagelouze 2,100.00%,0.318,4233.96,7500.0,1346.39928,2385.0,1.2292950034223136,,0.29,-729.9753871256906,1011.4054512702272,-915.1608535303337,-972.6476959206348,872.9078536602808,-1130.3482833519756,,253.14327756148145,
open,Pending Contract,f.2023.229,Trade,12/31/2023,3/31/2026,2026-03-31,Not Delivered,CARBONE GROUP,Lagelouze 2,100.00%,0.33471,6800.0,7500.0,2276.028,2510.325,1.2292950034223136,,0.29,-766.8530120652132,205.10793122249024,-960.9030298521221,-1022.1031867736262,58.96203004353633,-1188.6823333799398,,17.098988712625538,
open,Pending Contract,f.2023.229,Trade,12/31/2023,3/31/2026,2026-03-31,Not Delivered,SARL HOME ENERGY,Lagelouze 2,100.00%,0.26484,6500.0,7500.0,1721.46,1986.3,1.2292950034223136,,0.29,-606.6717432489494,241.34238261766828,-760.5778019969885,-809.2381726549766,126.06384115359629,-941.4301183073707,,36.55851393454291,
open,Pending Contract,f.2023.229,Trade,12/31/2023,3/31/2026,2026-03-31,Not Delivered,LOTUS HABITAT,Lagelouze 2,100.00%,0.0672,6500.0,7500.0,436.8,504.0,1.2292950034223136,1.0,0.29,-154.13181858668747,61.18875231937309,-193.1072948006378,-205.35439024855978,31.92741239039475,-238.82935731373016,-205.35439024855978,9.258949593214476,-238.82935731373016
open,Pending Contract,f.2023.229,Trade,12/31/2023,3/31/2026,2026-03-31,Not Delivered,RENECO,Lagelouze 2,100.00%,1.188436,6500.0,7500.0,7724.834,8913.27,1.2292950034223136,0.5,0.29,-2723.730161255886,1086.9899684227018,-3414.9818219387157,-3631.418911585277,569.2229180145374,-4223.39088631111,-1815.7094557926384,165.07464622421585,-2111.695443155555
open,Pending Contract,f.2023.229,Trade,12/31/2023,3/31/2026,2026-03-31,Not Delivered,ARTISANS DES NOUVELLES ENERGIES,Lagelouze 2,100.00%,5.848,6500.0,7500.0,38012.0,43860.0,1.2292950034223136,,0.29,-13412.65104047157,5349.349212441993,-16785.463267103794,-17854.17418581195,2803.1623474473213,-20754.141094017035,,812.9170807597231,
open,Pending Contract,f.2023.229,Trade,12/31/2023,3/31/2026,2026-03-31,Not Delivered,HABITAT ENERGIE,Lagelouze 2,100.00%,2.717736,6500.0,7500.0,17665.284,20383.02,1.2292950034223136,,0.29,-6225.005501249026,2490.536453365121,-7805.652951588611,-8298.670425915036,1302.04456084713,-9650.770176776143,,377.5929226456677,
open,Pending Contract,f.2023.229,Trade,12/31/2023,3/31/2026,2026-03-31,Not Delivered,PURE HABITAT,Lagelouze 2,100.00%,0.048,3000.0,7500.0,144.0,360.0,1.2292950034223136,,0.29,-109.91089513193383,211.83399366397012,-137.90510082015166,-146.53767488507836,190.89191493559784,-170.4001006295199,,55.35865533132338,
open,Pending Contract,f.2023.229,Trade,12/31/2023,3/31/2026,2026-03-31,Not Delivered,REZA CONSEILS,Lagelouze 2,100.00%,0.0163,6500.0,7500.0,105.95,122.25,1.2292950034223136,1.0,0.29,-37.318695303429855,14.890957274383556,-46.80645802774553,-49.77127310601663,7.779441346311845,-57.88581104495126,-49.77127310601663,2.256037990430435,-57.88581104495126
open,Pending Contract,f.2023.229,Trade,12/31/2023,3/31/2026,2026-03-31,Not Delivered,CLEAN PLANET,Lagelouze 2,100.00%,0.24,6500.0,7500.0,1560.0,1800.0,1.2292950034223136,,0.29,-550.1410722826945,219.0794838382419,-689.7188497475117,-733.6622217871009,114.85605866249179,-853.3930877319511,,33.30825701212262,
open,Pending Contract,f.2023.229,Trade,12/31/2023,3/31/2026,2026-03-31,Not Delivered,PLAC ELEC,Lagelouze 2,100.00%,0.1408,6400.0,7500.0,901.12,1056.0,1.2292950034223136,,0.29,-322.65164281170064,142.9892519257985,-404.45422677217846,-430.21567939654955,81.23664938330971,-500.4861836030239,,23.558628321159812,
open,Pending Contract,f.2023.229,Trade,12/31/2023,3/31/2026,2026-03-31,Not Delivered,ATEX RENOV,Lagelouze 2,100.00%,0.5491,6500.0,7500.0,3569.15,4118.25,1.2292950034223136,1.0,0.29,-1258.4345413702047,501.6437551624744,-1577.1247173315924,-1677.2325462519425,262.5950122112198,-1950.4289727727169,-1677.2325462519425,76.15255354125375,-1950.4289727727169
open,Pending Contract,f.2023.229,Trade,12/31/2023,3/31/2026,2026-03-31,Not Delivered,ATEX RENOV,Lagelouze 2,100.00%,0.207961,6500.02,7500.0,1351.750659,1559.7075,1.2292950034223136,1.0,0.29,-476.11061211781384,190.03002769691096,-596.8365378280675,-634.6310022530333,99.7425403440568,-737.8203150181353,-634.6310022530333,28.92533669977647,-737.8203150181353
open,Pending Contract,f.2023.229,Trade,12/31/2023,3/31/2026,2026-03-31,Not Delivered,ATEX RENOV,Lagelouze 2,100.00%,0.09435,6500.05,7500.0,613.2797175,707.625,1.2292950034223136,1.0,0.29,-216.5675019051294,86.2411927162174,-271.4413572709075,-288.49781863121217,45.13008993665947,-335.3568689020127,-288.49781863121217,13.08772608163125,-335.3568689020127
open,Pending Contract,f.2023.229,Trade,12/31/2023,3/31/2026,2026-03-31,Not Delivered,ATEX RENOV,Lagelouze 2,100.00%,0.0765,6500.06,7500.0,497.25459,573.75,1.2292950034223136,1.0,0.29,-175.14889713169399,69.9732296860048,-219.48347343023983,-233.49030294676697,36.51338785423058,-271.5022355247834,-233.49030294676697,10.588882477726866,-271.5022355247834
open,Pending Contract,f.2023.229,Trade,12/31/2023,3/31/2026,2026-03-31,Not Delivered,ECOTHERM HABITAT,Lagelouze 2,100.00%,0.119,6500.0,7500.0,773.5,892.5,1.2292950034223136,,0.29,-272.8885732159073,108.51864088303975,-341.74451288689676,-363.52606572858974,56.79350104576271,-422.70733829468986,,16.47011530327118,
open,Pending Contract,f.2023.229,Trade,12/31/2023,3/31/2026,2026-03-31,Not Delivered,GREFFEN,Lagelouze 2,100.00%,0.6138,623.66,7500.0,382.802508,4603.5,1.2292950034223136,,0.29,-1406.0525118515409,4168.345822559265,-1761.9239881501019,-1874.1369549713222,3900.1602191546176,-2179.2241409695034,,1131.0464635548394,
open,Pending Contract,f.2023.229,Trade,12/31/2023,3/31/2026,2026-03-31,Not Delivered,GREFFEN,Lagelouze 2,100.00%,5.58,5800.0,7500.0,32364.0,41850.0,1.2292950034223136,,0.29,-12780.420685614197,9017.124900064942,-16025.177691706123,-17034.850253889228,6592.081422806569,-19807.116756695003,,1911.7036126139044,
open,Pending Contract,f.2023.229,Trade,12/31/2023,3/31/2026,2026-03-31,Not Delivered,S2EE,Lagelouze 2,100.00%,4.3803,6100.0,7500.0,26719.83,32852.25,1.2292950034223136,0.7,0.29,-10022.501389625775,5757.954508181896,-12574.639417998824,-13369.043689323902,3859.3087257914276,-15550.395818947873,-9358.33058252673,1119.199530479514,-10885.27707326351
open,Pending Contract,f.2023.229,Trade,12/31/2023,3/31/2026,2026-03-31,Not Delivered,SAFE ECO,Lagelouze 2,100.00%,9.9603,6100.0,7500.0,60757.83,74702.25,1.2292950034223136,0.35,0.29,-22828.086776418473,13097.407375304387,-28604.203295868905,-30425.08761525567,8746.87204694753,-35382.0346515768,-10648.780665339485,2536.5928936147834,-12383.712128051882
open,Pending Contract,f.2023.229,Trade,12/31/2023,3/31/2026,2026-03-31,Not Delivered,SAFE ECO,Lagelouze 2,100.00%,0.5208,6300.0,7500.0,3281.04,3906.0,1.2292950034223136,0.35,0.29,-1193.7618250384423,579.9227817503314,-1497.104117968957,-1591.4661952838799,352.9651295408921,-1850.4040112950472,-557.0131683493579,102.35988756685872,-647.6414039532665
open,Pending Contract,f.2023.229,Trade,12/31/2023,3/31/2026,2026-03-31,Not Delivered,Techni Toit Isolation,Lagelouze 2,100.00%,0.1056,6000.0,7500.0,633.6,792.0,1.2292950034223136,0.85,0.29,-242.02106644833117,149.17319573216508,-303.4546647811967,-322.60318148932794,103.35761718725459,-375.17755407519365,-274.21270426592883,29.973708984303833,-318.90092096391453
open,Pending Contract,f.2023.229,Trade,12/31/2023,3/31/2026,2026-03-31,Not Delivered,ART FACADE 51,Lagelouze 2,100.00%,0.032,6200.0,7500.0,198.4,240.0,1.2292950034223136,0.5,0.29,-73.41416970206102,38.730046290444385,-91.93911061935415,-97.82666563751911,24.77241435128361,-113.77524528981526,-48.91333281875956,7.184000161872247,-56.88762264490763
open,Pending Contract,f.2023.229,Trade,12/31/2023,3/31/2026,2026-03-31,Not Delivered,Direct,Lagelouze 2,100.00%,0.2812,5462.3,7500.0,1535.99876,2109.0,1.2292950034223136,,0.29,-644.6894504922182,548.4264444803675,-807.9218895475507,-859.0876564595941,425.8864474365475,-999.0894606323014,,123.5070697565988,
open,Pending Contract,f.2023.229,Trade,12/31/2023,3/31/2026,2026-03-31,Not Delivered,LOTUS HABITAT,Lagelouze 2,100.00%,0.686,6500.0,7500.0,4459.0,5145.0,1.2292950034223136,1.0,0.29,-1571.6776247797002,627.8057917406488,-1971.3021046850763,-2097.2604299792974,328.85138558942634,-2440.23273344014,-2097.2604299792974,95.36690182093365,-2440.23273344014
open,Pending Contract,f.2023.229,Trade,12/31/2023,3/31/2026,2026-03-31,Not Delivered,LOTUS HABITAT,Lagelouze 2,100.00%,0.02779,6500.18,7500.0,180.6400022,208.425,1.2292950034223136,1.0,0.29,-63.718055840191894,25.432160058951307,-79.91509099293972,-84.99818785150768,13.368813894039082,-98.86250810259443,-84.99818785150768,3.8769560292713336,-98.86250810259443
open,Pending Contract,f.2023.229,Trade,12/31/2023,3/31/2026,2026-03-31,Not Delivered,LABEL ENERGIE (VALOREN - AXDIS),Lagelouze 2,100.00%,0.1269,6000.0,7500.0,761.4,951.75,1.2292950034223136,1.0,0.29,-290.7144491703271,179.6516337438154,-363.95852245027635,-387.37595094177647,124.49243834238602,-450.5761830593456,-387.37595094177647,36.102807119291946,-450.5761830593456
open,Pending Contract,f.2023.229,Trade,12/31/2023,3/31/2026,2026-03-31,Not Delivered,Techni Toit Isolation,Lagelouze 2,100.00%,0.2656,6000.0,7500.0,1593.6,1992.0,1.2292950034223136,0.85,0.29,-608.1733073728798,376.2995004096624,-761.8950424096228,-810.5375938840539,260.3762259374814,-942.7662090545637,-688.9569548014457,75.5091055218696,-801.3512776963792
open,Pending Contract,f.2023.229,Trade,12/31/2023,3/31/2026,2026-03-31,Not Delivered,ART FACADE 51,Lagelouze 2,100.00%,0.144,6500.0,7500.0,936.0,1080.0,1.2292950034223136,0.5,0.29,-330.21713730131745,131.6934790089863,-413.8131690381027,-440.1273667360268,68.60782397435483,-511.96408282366866,-220.0636833680134,19.89626895256289,-255.98204141183433
open,Pending Contract,f.2023.229,Trade,12/31/2023,3/31/2026,2026-03-31,Not Delivered,BATI RENOV,Lagelouze 2,100.00%,0.249152,6300.0,7500.0,1569.6576,1868.64,1.2292950034223136,,0.29,-570.9447527934925,277.3776681787925,-715.0832905571807,-760.417741134461,168.65530546104148,-884.1350822361776,,48.91003858370203,
open,Pending Contract,f.2023.229,Trade,12/31/2023,3/31/2026,2026-03-31,Not Delivered,CARBONE GROUP,Lagelouze 2,100.00%,0.65271,89.99402491,0.0,58.74,0.0,1.2292950034223136,,0.29,-6391.135602476036,4780.2733514722295,-6771.294589788636,-6890.000634118326,4496.647143298593,-7215.500820251356,,1304.027671556592,
open,Pending Contract,f.2023.229,Trade,12/31/2023,3/31/2026,2026-03-31,Not Delivered,Installors,Lagelouze 2,100.00%,46.067921,6193.96,7500.0,285342.86,345509.4075,1.2292950034223136,0.85,0.29,-105655.47813968926,56179.46852933887,-132342.57570969392,-140679.4027910586,36149.80689078767,-163473.33178073127,-119577.49237239976,10483.443998328425,-138952.3320136216
open,Pending Contract,f.2023.229,Trade,12/31/2023,3/31/2026,2026-03-31,Not Delivered,Installors,Lagelouze 2,100.00%,60.669861,6193.96,7500.0,375786.6922,455023.9575,1.2292950034223136,0.85,0.29,-139039.60738484457,74005.39937288247,-174197.50909805848,-185305.15802199798,47531.709094623184,-215500.2057388649,-157509.3843186983,13784.195637440722,-183175.1748780352
open,Pending Delivery,f.2024.007,Trade,6/20/2024,1/31/2024,2025-01-15,Not Delivered,Loris ENR,Siplec,50.00%,59.299235,8450.0,8440.0,501078.5358,500485.5434,0.024640657084188913,0.29,0.35,-14005.726715423816,-7148.7134222464465,-17515.877266223226,-19055.868152998963,-11434.767603436425,-22118.33883228039,-5660.594605028429,-4002.168661202748,-6414.318261361314
open,Pending Delivery,f.2024.007,Trade,6/20/2024,9/1/2024,2025-01-15,Not Delivered,Loris ENR,Ekwateur,50.00%,140.700765,8450.0,8480.0,1188921.464,1193142.487,0.024640657084188913,0.29,0.5,-28847.57032460682,-16978.87027590891,-35929.728784759354,-40317.592157296516,-27199.778212390447,-46750.843339690255,-13671.232723406672,-13599.889106195224,-13557.744568510172
open,Pending Delivery,f.2024.009,Trade,1/18/2024,2/18/2024,2025-01-15,Not Delivered,Carrier IN,Lagelouze,100.00%,0.2159,6500.0,6990.0,1403.35,1509.141,0.024640657084188913,0.7,0.29,-361.49519349139166,395.00415413717474,-376.7962738790682,-381.0517451825286,379.2112496828495,-393.56027716877935,-266.73622162777,109.97126240802635,-275.49219401814554
open,Pending Contract,f.2024.010,Trade,2/5/2024,1/21/2025,2025-01-21,Not Delivered,LOTUS HABITAT,Gazel,50.00%,0.0706,6500.0,7515.0,458.9,530.559,0.04106776180698152,1.0,0.3,-84.15018754338726,125.33687068700385,-90.6922041723185,-92.46943641400107,118.76550142595529,-97.78858847420966,-92.46943641400107,35.62965042778657,-97.78858847420966
open,Pending Contract,f.2024.010,Trade,2/5/2024,1/21/2025,2025-01-21,Not Delivered,Danaci,Gazel,50.00%,0.0156,6500.0,7515.0,101.4,117.234,0.04106776180698152,1.0,0.3,-18.590187852565226,27.694324833837904,-20.026455313898083,-20.424045303164316,26.253089002129663,-21.598494823464513,-20.424045303164316,7.8759267006388995,-21.598494823464513
open,Pending Contract,f.2024.010,Trade,2/5/2024,1/21/2025,2025-01-21,Not Delivered,Installors,Gazel,50.00%,24.705294,7500.0,7515.0,185289.705,185660.2844,0.04106776180698152,0.85,0.3,-29440.06303309357,19141.77883236205,-31735.882512808297,-32362.271987669978,16853.17689822824,-34229.05471741425,-27507.93118951948,5055.953069468472,-29094.696509802114
open,Pending Delivery,f.2024.013,Trade,2/2/2024,1/17/2025,2025-01-17,Not Delivered,Isobay,Lagelouze,100.00%,80.0,6800.0,7500.0,544000.0,600000.0,0.030116358658453114,0.29,0.29,-94350.9974106002,120778.2727851765,-100670.86141316369,-102392.31518839143,114379.77705423531,-107513.4626091364,-29693.771404633528,33170.13534572823,-31178.90415664956
open,Pending Delivery,f.2024.016,Trade,2/6/2024,2/1/2025,2025-02-01,Not Delivered,CLS Habitat,Lagelouze,100.00%,45.51597,6900.0,7500.0,314060.193,341369.775,0.07118412046543464,1.0,0.29,-57766.475363918325,59168.61294928801,-63319.254250321974,-64883.7719309691,53692.67800002999,-69438.68872422146,-64883.7719309691,15570.8766200087,-69438.68872422146
open,Pending Delivery,f.2024.022,Trade,2/14/2024,12/20/2024,2025-01-15,Not Delivered,Drapo,Total Marketing France,50.00%,300.0,7800.0,7870.0,2340000.0,2361000.0,0.024640657084188913,0.3,0.27,-238294.57264365355,158927.12697898332,-259497.8035501405,-265400.49835671345,137100.57950620315,-282733.97176612593,-79620.14950701402,37017.15646667485,-84820.19152983776
open,Pending Delivery,f.2024.024,Trade,2/19/2024,6/1/2025,2025-06-01,Not Delivered,UEM,Total Marketing France,50.00%,200.0,7980.0,8000.0,1596000.0,1600000.0,0.3997262149212868,0.29,0.27,-232866.08653047364,-32520.315854388282,-293625.62010173424,-311627.2201217016,-86178.78925662645,-362505.9226927797,-90353.99996860992,-23268.27309928914,-105126.71758090614
open,Pending Delivery,f.2024.027,Trade,6/10/2024,12/31/2024,2025-01-15,Not Delivered,ICE,Lagelouze 2,100.00%,5.1,6500.0,7500.0,33150.0,38250.0,0.024640657084188913,1.0,0.29,-5939.52687197956,9329.78317876974,-6299.661244954977,-6399.5838427020035,8959.823697073687,-6693.906623901127,-6399.5838427020035,2598.3488721513695,-6693.906623901127
open,Pending Delivery,f.2024.027,Trade,2/23/2024,12/31/2024,2025-01-15,Not Delivered,ICE,Lagelouze,100.00%,11.9,6500.0,7500.0,77350.0,89250.0,0.024640657084188913,1.0,0.29,-13853.854304865892,21774.646978183704,-14701.210848125867,-14930.477209689023,20914.856895244848,-15615.845121393191,-14930.477209689023,6065.308499621004,-15615.845121393191
open,Pending Delivery,f.2024.032,Trade,3/4/2024,12/31/2025,2025-12-31,Not Delivered,Green Yellow,SCA Pétrole et Dérivés,50.00%,100.0,7200.0,7250.0,720000.0,725000.0,0.9828884325804244,0.35,0.35,-237707.08619164565,30034.53136544295,-288665.9794796889,-304416.8229750581,-9601.261414006804,-347775.817258016,-106545.88804127037,-3360.4414949023817,-121721.53604030558
open,Pending Delivery,f.2024.032,Trade,3/4/2024,12/31/2025,2025-12-31,Not Delivered,Green Yellow,SCA Pétrole et Dérivés,50.00%,150.0,7200.0,7250.0,1080000.0,1087500.0,0.9828884325804244,0.35,0.35,-355666.048388644,45605.59000278971,-432078.79620407027,-455663.6182009644,-13795.669856229522,-520744.66222624044,-159482.26637033754,-4828.484449680332,-182260.63177918416
open,Pending Delivery,f.2024.033,Trade,2/29/2024,9/25/2024,2025-01-15,Not Delivered,S2EE,Lagelouze,100.00%,155.1561,6100.0,7500.0,946452.21,1163670.75,0.024640657084188913,0.7,0.29,-180638.1287002639,345902.9875096537,-191674.57265233915,-194675.59712118076,334606.74118940847,-203628.988447244,-136272.91798482658,97035.95494492844,-142540.29191307077
open,Pending Delivery,f.2024.038,Trade,3/25/2024,8/31/2024,2025-01-15,Not Delivered,Carbone Group,Lagelouze,100.00%,102.5253,6100.0,7500.0,625404.33,768939.75,0.024640657084188913,0.3,0.29,-119297.48120154011,228582.65016602346,-126580.92378349286,-128557.72145421719,221157.2440376818,-134464.01494022092,-38567.316436265144,64135.600770927726,-40339.20448206628
open,Pending Delivery,f.2024.047,Trade,4/10/2024,12/20/2024,2025-01-15,Not Delivered,Green Yellow,Teksial,50.00%,50.0,7570.0,7620.0,378500.0,381000.0,0.024640657084188913,0.35,0.7,-52231.24701494648,37976.31162781489,-55755.7529497417,-56732.67988108493,34345.22296300267,-59602.025645716785,-19856.43795837972,24041.65607410187,-20860.708976000875
open,Pending Delivery,f.2024.051,Trade,4/16/2024,12/20/2024,2025-01-15,Not Delivered,S2EE,Lagelouze,100.00%,160.0,6500.0,7500.0,1040000.0,1200000.0,0.024640657084188913,0.7,0.29,-186218.55230617188,292727.9256658271,-197614.8097071349,-200720.22885416847,281090.2936676379,-209976.02760686592,-140504.16019791795,81516.185163615,-146983.21932480618
open,Pending Delivery,f.2024.053,Trade,4/19/2024,12/31/2024,2025-01-15,Not Delivered,IDF Fermeture (vente secondaire),Lagelouze,100.00%,119.2308,6500.0,7500.0,775000.2,894231.0,0.024640657084188913,1.0,0.29,-138788.41841538533,218162.3788795475,-147268.20394121762,-149539.61960841226,209514.67940852174,-156391.11571470764,-149539.61960841226,60759.2570284713,-156391.11571470764
open,Pending Delivery,f.2024.054,Trade,4/12/2024,9/25/2024,2025-01-15,Not Delivered,Safe Eco (vente secondaire),Lagelouze,100.00%,80.0,6100.0,7500.0,488000.0,600000.0,0.024640657084188913,0.35,0.29,-93129.72678550164,178381.05956637592,-98769.88805637037,-100354.77770467584,172574.4647557262,-104976.52240971323,-35124.17219663656,50046.59477916059,-36741.78284339963
open,Pending Contract,f.2024.058,Trade,5/7/2024,3/20/2026,2026-03-20,Not Delivered,SIEM 51,OFEE-LEYTON,50.00%,5.0,8000.0,8050.0,40000.0,40250.0,1.1991786447638604,0.35,0.35,-8735.719536521063,-2871.60588927848,-11491.726925384422,-12420.087830016735,-5023.991030624633,-14840.028607422255,-4347.030740505858,-1758.3968607186214,-5194.010012597787
open,Pending Delivery,f.2024.059,Trade,5/13/2024,12/31/2024,2025-01-15,Not Delivered,Sarl Home Energy,Lagelouze 2,100.00%,46.808595,6500.0,7500.0,304255.8675,351064.4625,0.024640657084188913,1.0,0.29,-54491.15473373863,85630.77330527184,-57815.603973852245,-58725.67781897417,82220.3613709237,-61431.142975890325,-58725.67781897417,23843.904797567873,-61431.142975890325
open,Pending Delivery,f.2024.069,Trade,5/16/2024,12/30/2024,2025-01-15,Not Delivered,Carbone Group,Lagelouze 2,100.00%,115.188229,6500.0,7500.0,748723.4885,863911.7175,0.024640657084188913,0.3,0.29,-134084.67803222017,210776.1763813585,-142254.97693235532,-144515.97936613706,202377.04735958125,-151174.34211830946,-43354.793809841125,58689.343734278584,-45352.30263549284
open,Pending Delivery,f.2024.080,Trade,5/30/2024,7/30/2024,2025-01-15,Not Delivered,SAMI CALORIFUGE,Lagelouze 2,100.00%,1.7,6600.0,7500.0,11220.0,12750.0,0.024640657084188913,1.0,0.29,-1979.2458281297581,2939.8899886114446,-2099.320580385218,-2132.7666244783572,2816.6377958310563,-2231.042177974063,-2132.7666244783572,816.8249607910062,-2231.042177974063
open,Pending Delivery,f.2024.081,Trade,5/31/2024,12/1/2024,2025-01-15,Not Delivered,Loris ENR,Thevenin Ducrot (Avia),50.00%,250.0,7840.0,7900.0,1960000.0,1975000.0,0.024640657084188913,0.29,0.35,-190957.7425392461,122284.85245060429,-208568.18858398276,-213484.11525182435,104084.03471271537,-227907.13822703232,-61910.393423029025,36429.41214945037,-66093.07008583935
open,Pending Delivery,f.2024.086,Trade,6/4/2024,9/4/2024,2025-01-15,Not Delivered,Renovat Energy,Lagelouze 2,100.00%,2.55,6600.0,7500.0,16830.0,19125.0,0.024640657084188913,1.0,0.29,-2967.504856208789,4408.952209413398,-3148.7105185579962,-3198.3328227577895,4224.949073613904,-3345.8819863298845,-3198.3328227577895,1225.2352313480317,-3345.8819863298845
open,Pending Delivery,f.2024.089,Trade,6/6/2024,12/31/2024,2025-01-15,Not Delivered,Tramosa,Lagelouze 2,100.00%,0.770525,6000.0,7500.0,4623.15,5778.9375,0.024640657084188913,0.7,0.29,-896.8935282896933,1794.8449825863345,-951.5157334537373,-966.5418087699185,1738.6011896164835,-1011.0717425394408,-676.5792661389428,504.19434498878024,-707.7502197776085
open,Pending Delivery,f.2024.090,Trade,6/7/2024,12/31/2024,2025-01-15,Not Delivered,Isobay,Lagelouze 2,100.00%,8.16,6500.0,7500.0,53040.0,61200.0,0.024640657084188913,0.29,0.29,-9495.338131588322,14924.069934542656,-10075.32463048372,-10235.83370862652,14333.437630069091,-10708.037430919756,-2968.39177550169,4156.696912720035,-3105.3308549667295
open,Pending Delivery,f.2024.092,Trade,6/10/2024,9/10/2024,2025-01-15,Not Delivered,Habitat Energie,Lagelouze 2,100.00%,2.55,6500.0,7500.0,16575.0,19125.0,0.024640657084188913,0.7,0.29,-2968.460037385123,4665.8722510045,-3148.9828695307833,-3199.0127753500515,4480.566416432764,-3346.403735093935,-2239.3089427450354,1299.3642607655013,-2342.482614565755
open,Pending Contract,f.2024.099,Trade,6/14/2024,8/30/2024,2025-01-15,Not Delivered,SDEC ENERGIE,Teksial,100.00%,32.641444,7780.0,7790.0,253950.4343,254276.8488,0.024640657084188913,1.0,0.7,-28532.10101595833,17946.741209447515,-30846.974290770155,-31488.834584292938,15571.45600949927,-33378.95457952655,-31488.834584292938,10900.019206649484,-33378.95457952655
open,Pending Delivery,f.2024.105,Trade,6/19/2024,12/31/2024,2025-01-15,Not Delivered,COUPEL ELECTRICITE,Lagelouze 2,100.00%,11.9,6600.0,7500.0,78540.0,89250.0,0.024640657084188913,0.7,0.29,-13852.853217162226,20579.427435939582,-14701.68555022643,-14931.770330345105,19715.72656029733,-15620.57947006919,-10452.239231241576,5717.560702486226,-10934.405629048433
open,Pending Delivery,f.2024.106,Trade,6/19/2024,9/19/2024,2025-01-15,Not Delivered,REZA CONSEILS,Lagelouze 2,100.00%,2.1509,6500.0,7500.0,13980.85,16131.75,0.024640657084188913,1.0,0.29,-2504.1671202354155,3935.8388242665956,-2656.7517184606154,-2699.0421952517313,3779.315751918063,-2823.6624143911804,-2699.0421952517313,1096.0015680562385,-2823.6624143911804
open,Pending Delivery,f.2024.107,Trade,6/19/2024,8/19/2024,2025-01-15,Not Delivered,Renovat Energy,Lagelouze 2,100.00%,1.7,6800.0,7500.0,11560.0,12750.0,0.024640657084188913,1.0,0.29,-1979.0848983392386,2599.6223767302195,-2099.750717333358,-2132.851051745256,2476.3944030443804,-2230.7945112555067,-2132.851051745256,718.1543768828703,-2230.7945112555067
open,Pending Delivery,f.2024.116,Trade,7/4/2024,12/20/2025,2025-12-20,Not Delivered,Idex Energies,Total Marketing France,50.00%,300.0,7800.0,7850.0,2340000.0,2355000.0,0.9527720739219713,0.85,0.27,-526540.6539723496,-84494.44979493147,-674999.9807434329,-721514.8256799572,-202429.61930698899,-848839.0310019313,-613117.2255027067,-54655.99721288703,-721513.1763516417
open,Pending Delivery,f.2024.119,Trade,7/5/2024,10/5/2024,2025-01-15,Not Delivered,ELECPLUGG,Lagelouze 2,100.00%,2.55,6500.0,7500.0,16575.0,19125.0,0.024640657084188913,0.7,0.29,-2968.346575219785,4664.808310400622,-3149.6408925335695,-3199.131349674142,4479.67252095294,-3346.530594910014,-2239.391944771898,1299.1050310763528,-2342.5714164370097
open,Pending Contract,f.2024.120,Trade,7/8/2024,6/1/2025,2025-06-01,Not Delivered,LOTUS HABITAT,ELMY,50.00%,0.0192,6500.0,8600.0,124.8,165.12,0.3997262149212868,1.0,0.85,-10.766769333905438,25.29516519308983,-16.660394520122438,-18.393674834523853,20.128550537505877,-23.31274124129518,-18.393674834523853,17.109267956879997,-23.31274124129518
open,Pending Contract,f.2024.120,Trade,7/8/2024,6/1/2025,2025-06-01,Not Delivered,LOTUS HABITAT,ELMY,50.00%,0.7692,6500.26,8600.0,4999.999992,6615.12,0.3997262149212868,1.0,0.85,-433.4232121254138,1013.9412196210454,-669.7696150689009,-738.3555971371493,807.7798133791473,-935.2659048719971,-738.3553770986701,686.6128413722752,-935.2659048719971
open,Pending Contract,f.2024.120,Trade,7/8/2024,6/1/2025,2025-06-01,Not Delivered,LABEL ENERGIE (VALOREN - AXDIS),ELMY,50.00%,0.1292,6000.0,8600.0,775.2,1111.12,0.3997262149212868,1.0,0.85,-72.57224491871402,235.04033151067546,-112.25484026140167,-123.83278647775055,200.3951813275607,-156.9775906030219,-123.83278647775055,170.33590412842656,-156.9775906030219
open,Pending Contract,f.2024.120,Trade,7/8/2024,6/1/2025,2025-06-01,Not Delivered,Installors,ELMY,50.00%,0.901408,8260.0,8600.0,7445.63008,7752.1088,0.3997262149212868,0.85,0.85,-613.1422430152418,-398.09710146179987,-782.0828431164033,-921.449274463887,-639.4353228485837,-1094.4046404682572,-783.2318832943039,-543.5200244212962,-930.2439443980186
open,Pending Contract,f.2024.121,Trade,7/9/2024,8/30/2024,2025-01-15,Not Delivered,SAIMV,Total Marketing France,50.00%,3.546562,7200.0,7740.0,25535.2464,27450.38988,0.024640657084188913,0.35,0.27,-3276.121128892168,4004.2852334030918,-3527.9464294885915,-3597.6425363403314,3747.2930292499686,-3803.040469080807,-1259.174887719116,1011.7691178974917,-1331.0641641782822
open,Pending Contract,f.2024.121,Trade,7/9/2024,8/30/2024,2025-01-15,Not Delivered,SAIMV,Total Marketing France,50.00%,0.557772,6800.0,7740.0,3792.8496,4317.15528,0.024640657084188913,0.35,0.27,-515.4719106539869,853.1730598254247,-554.9913902392711,-565.8887259643595,812.5276039196954,-598.0650500647707,-198.06105408752583,219.38245305831776,-209.3227675226698
open,Pending Delivery,f.2024.123,Trade,7/9/2024,9/1/2024,2025-01-15,Not Delivered,Easy Energy,Lagelouze 2,100.00%,12.050752,6800.0,7500.0,81945.1136,90380.64,0.024640657084188913,0.5,0.29,-14027.292376629739,18427.957261041734,-14882.006701161636,-15115.58040803328,17554.862414476243,-15810.71751830693,-7557.79020401664,5090.91010019811,-7905.358759153465
open,Pending Contract,f.2024.125,Trade,7/3/2024,8/30/2024,2025-01-15,Not Delivered,SDEC ENERGIE,Teksial,100.00%,1.28208,7780.0,7790.0,9974.5824,9987.4032,0.024640657084188913,1.0,0.7,-1121.0273972009036,704.5181085772126,-1212.2068004863836,-1237.0948830078555,611.0451975367929,-1310.9731331941823,-1237.0948830078555,427.7316382757551,-1310.9731331941823
open,Pending Delivery,f.2024.132,Trade,7/24/2024,8/31/2024,2025-01-15,Not Delivered,Communauté d’Agglomération de Saint Louis ,Lagelouze 2,100.00%,2.688,5400.0,7500.0,14515.2,20160.0,0.024640657084188913,0.35,0.29,-3130.2223623314426,7874.357495790831,-3320.915666734523,-3373.51495147625,7679.298791620885,-3529.1984689447077,-1180.7302330166874,2226.996649570056,-1235.2194641306476
open,Pending Delivery,f.2024.135,Trade,8/1/2024,12/31/2024,2025-01-15,Not Delivered,EBS Energie,OFEE-LEYTON,50.00%,500.0,7800.0,7880.0,3900000.0,3940000.0,0.024640657084188913,0.3,0.35,-392119.56839689333,264945.57560239313,-427624.75251895346,-437361.0010193808,228633.27388847916,-466209.55910682905,-131208.30030581428,80021.6458609677,-139862.86773204867
open,Pending Delivery,f.2024.138,Trade,8/5/2024,9/30/2024,2025-01-15,Not Delivered,MZ Batiment (ElecPlugg),Lagelouze 2,100.00%,13.6,7000.0,7500.0,95200.0,102000.0,0.024640657084188913,1.0,0.29,-15825.675407847422,18080.408946234285,-16790.352354598104,-17054.698303654302,17091.25290137536,-17838.61192147346,-17054.698303654302,4956.463341398854,-17838.61192147346
open,Pending Delivery,f.2024.140,Trade,8/1/2024,12/31/2024,2025-01-15,Not Delivered,Techni Toit Isolation,Lagelouze 2,100.00%,0.612,6000.0,7500.0,3672.0,4590.0,0.024640657084188913,0.85,0.29,-712.3908457651414,1425.8232637692938,-755.8713175050556,-767.9068586248871,1381.2611973131823,-803.3461243006627,-652.7208298311542,400.56574722082286,-682.8442056555634
open,Pending Delivery,f.2024.144,Trade,8/22/2024,1/1/2025,2025-01-15,Not Delivered,ACD ENERGIE (direct),Lagelouze 2,100.00%,83.759,5800.0,7500.0,485802.2,628192.5,0.024640657084188913,0.7,0.29,-97498.72087636557,211895.8708437309,-103412.33610815668,-105054.30004921873,205822.6370329489,-109882.76314235016,-73538.01003445315,59688.56473955517,-76917.93419964513
open,Pending Delivery,f.2024.145,Trade,8/22/2024,9/21/2024,2025-01-15,Not Delivered,Artisans des nouvelles Energies,Lagelouze 2,100.00%,75.214,6500.0,7500.0,488891.0,564105.0,0.024640657084188913,0.5,0.29,-87532.63663585052,137579.08249165662,-92892.46963120872,-94357.61691247244,132126.63012419685,-98705.55975768618,-47178.80845623622,38316.72273601709,-49352.77987884309
open,Pending Delivery,f.2024.147,Trade,8/26/2024,12/31/2024,2025-01-15,Not Delivered,LA RENO GLOBALE,Lagelouze 2,100.00%,15.4732,6500.0,7500.0,100575.8,116049.0,0.024640657084188913,0.85,0.29,-18014.490102475334,28309.891400723292,-19114.68530733905,-19417.17590259673,27180.62449919307,-20312.15390725439,-16504.59951720723,7882.381104765988,-17265.33082116623
open,Pending Delivery,f.2024.149,Trade,11/29/2024,12/31/2024,2025-01-15,Not Delivered,Easy Energy,Lagelouze 2,100.00%,270.0,6800.0,7500.0,1836000.0,2025000.0,0.024640657084188913,0.5,0.29,-314359.52312486805,413024.6186198302,-333519.77729845705,-338738.30221728346,393534.88962831406,-354288.82957019075,-169369.15110864173,114125.11799221108,-177144.41478509537
open,Pending Delivery,f.2024.149,Trade,8/29/2024,12/31/2024,2025-01-15,Not Delivered,Easy Energy,Lagelouze 2,100.00%,150.0,6800.0,7500.0,1020000.0,1125000.0,0.024640657084188913,0.5,0.29,-174599.98075144787,229467.42341815794,-185257.7227683478,-188160.25339066648,218571.90589169294,-196826.451143864,-94080.12669533324,63385.85270859094,-98413.225571932
open,Pending Contract,f.2024.151,Trade,8/30/2024,3/31/2025,2025-03-31,Not Delivered,Éligibles,STX SAS,50.00%,7.0,6646.381814,7930.0,46524.6727,55510.0,0.2299794661190965,0.35,0.5,-7402.738642514758,9257.821169415194,-8993.363124976984,-9441.964923675983,7798.151648633539,-10750.16306209859,-3304.687723286594,3899.0758243167693,-3762.557071734507
open,Pending Contract,f.2024.151,Trade,8/30/2024,3/31/2025,2025-03-31,Not Delivered,Useda,STX SAS,50.00%,18.0,7000.0,7930.0,126000.0,142740.0,0.2299794661190965,0.35,0.5,-19075.653007302568,17453.015361540918,-23148.29199802295,-24329.050692217246,13704.768816621518,-27711.07477290132,-8515.167742276039,6852.384408310759,-9698.87617051546
open,Pending Delivery,f.2024.153,Trade,9/2/2024,12/2/2024,2025-01-15,Not Delivered,AGR-BAT,Lagelouze 2,100.00%,0.85,5800.0,7500.0,4930.0,6375.0,0.024640657084188913,1.0,0.29,-989.1515448912438,2149.8936413039105,-1049.709977348895,-1066.374980220126,2088.2888679389443,-1115.671563235795,-1066.374980220126,605.6037717022939,-1115.671563235795
open,Pending Delivery,f.2024.155,Trade,9/5/2024,10/10/2024,2025-01-15,Not Delivered,Eco Environnement,OFEE-LEYTON,50.00%,4.075986,7980.0,8030.0,32526.36828,32730.16758,0.024640657084188913,0.5,0.35,-2583.596238768249,1425.849779224295,-2873.2778298161033,-2952.7937173531,1130.415381424817,-3188.4093487467717,-1476.39685867655,395.64538349868604,-1594.2046743733858
open,Pending Contract,f.2024.158,Trade,9/17/2024,12/1/2024,2025-01-15,Not Delivered,Installors (open),ZELLER Energies ,50.00%,0.0,6317.19,7850.0,0.0,0.0,0.024640657084188913,0.85,0.7,0.0,0.0,0.0,0.0,0.0,0.0,0.0,0.0,0.0
open,Pending Contract,f.2024.159,Trade,9/16/2024,9/30/2024,2025-01-15,Not Delivered,Arvert,Total Marketing France,100.00%,0.1888,1000.0,8300.0,188.8,1567.04,0.024640657084188913,0.35,0.27,-68.65448572170479,1383.8123490188775,-82.11422039654572,-85.76650909943059,1370.1008310910743,-96.67142324076012,-30.01827818480071,369.9272243945901,-33.83499813426604
open,Pending Delivery,f.2024.161,Trade,9/19/2024,12/19/2024,2025-01-15,Not Delivered,ATEX RENOV,Lagelouze 2,100.00%,2.55,6500.0,7500.0,16575.0,19125.0,0.024640657084188913,1.0,0.29,-2968.242228564947,4664.152815404269,-3148.1844580227216,-3198.011186063083,4478.977716091191,-3344.9243226243784,-3198.011186063083,1298.9035376664453,-3344.9243226243784
open,Pending Contract,f.2024.164,Trade,9/26/2024,3/30/2025,2025-03-30,Not Delivered,OAAN Consulting,Siplec,50.00%,250.6617862,7500.0,8600.0,1879963.397,2155691.361,0.2272416153319644,0.35,0.35,-96727.88970588273,118579.56889153724,-153201.75152688765,-169448.52919509448,66657.03300821604,-216094.4394616119,-59306.985218283065,23329.961552875608,-75633.05381156418
open,Pending Contract,f.2024.164,Trade,9/26/2024,3/30/2025,2025-03-30,Not Delivered,OAAN Consulting,Siplec,50.00%,142.260153,8000.0,8600.0,1138081.224,1223437.316,0.2272416153319644,0.35,0.35,-58937.18070464934,-3823.920797659873,-87140.50784549485,-98095.28205762237,-33476.45064975174,-122996.63748549893,-34333.34872016783,-11716.75772741311,-43048.82311992463
open,Pending Delivery,f.2024.165,Trade,9/2/2024,7/28/2025,2025-07-28,Not Delivered,SAS LILONE,Lagelouze 2,100.00%,130.0,5800.0,7500.0,754000.0,975000.0,0.5557837097878165,0.5,0.29,-233843.89603619548,248784.01428431013,-281576.7554902017,-295940.4438297714,208285.0212749396,-336139.4658073251,-147970.2219148857,60402.65616973247,-168069.73290366255
open,Pending Contract,f.2024.166,Trade,10/2/2024,12/31/2025,2025-12-31,Not Delivered,Installors (open),Economie d'Energie - EDE 7,50.00%,300.0,6317.19,8000.0,1895157.0,2400000.0,0.9828884325804244,0.85,0.5,-487691.9331016203,356335.51611553744,-640371.5689553728,-687372.5370387941,237350.5189225787,-817053.800649581,-584266.6564829751,118675.25946128934,-694495.7305521437
open,Pending Delivery,f.2024.168,Trade,10/2/2024,12/31/2024,2025-01-15,Not Delivered,ENERGIE ECO PRIME,Lagelouze 2,100.00%,2.55,6500.0,7500.0,16575.0,19125.0,0.024640657084188913,1.0,0.29,-2967.87198104012,4664.713836212943,-3149.3505979994857,-3199.2020033312833,4479.968336499238,-3347.0703981911756,-3199.2020033312833,1299.1908175847789,-3347.0703981911756
open,Pending Delivery,f.2024.170,Trade,10/3/2024,9/30/2024,2025-01-15,Not Delivered,BAT FULL (Elecplugg),Lagelouze 2,100.00%,3.06,6600.0,7500.0,20196.0,22950.0,0.024640657084188913,1.0,0.29,-3562.46908968592,5292.372099865308,-3779.6789424604485,-3839.923954646375,5069.806905727955,-4016.9971770726193,-3839.923954646375,1470.2440026611073,-4016.9971770726193
open,Pending Delivery,f.2024.171,Trade,9/26/2024,12/31/2024,2025-01-15,Not Delivered,GREEN SKS France,Lagelouze 2,100.00%,2.55,6500.0,7500.0,16575.0,19125.0,0.024640657084188913,1.0,0.29,-2968.8447986049086,4666.099084805923,-3149.3797709648597,-3199.3265034980004,4480.687395517332,-3346.626073728956,-3199.3265034980004,1299.3993447000264,-3346.626073728956
open,Pending Delivery,f.2024.173,Trade,10/1/2024,1/1/2025,2025-01-15,Not Delivered,ENERGIEDOM,Lagelouze 2,100.00%,20.4,6400.0,7500.0,130560.0,153000.0,0.024640657084188913,1.0,0.29,-23753.91108115819,39362.14805308132,-25195.839724892092,-25593.588025424095,37879.8638442805,-26769.72575466897,-25593.588025424095,10985.160514841344,-26769.72575466897
open,Pending Delivery,f.2024.175,Trade,7/25/2024,12/31/2024,2025-07-31,Not Delivered,HORIZON BLUE,Lagelouze 2,100.00%,34.0,6500.0,7500.0,221000.0,255000.0,0.5639972621492129,1.0,0.29,-61389.00361438581,41092.189143494135,-74036.13620575228,-77760.35175365278,30483.033620357342,-88335.69965644625,-77760.35175365278,8840.079749903627,-88335.69965644625
open,Pending Delivery,f.2024.176,Trade,10/7/2024,12/31/2024,2025-01-15,Not Delivered,Levbat,Lagelouze 2,100.00%,120.0,7000.0,7500.0,840000.0,900000.0,0.024640657084188913,0.85,0.29,-139723.82630510675,159549.32267831516,-148276.46854490647,-150611.1282117434,150835.51497600134,-157555.92577980916,-128019.45897998194,43742.29934304038,-133922.53691283776
open,Pending Contract,f.2024.177,Trade,10/7/2024,6/30/2025,2025-06-30,Not Delivered,EDS Energies,Auchan Energies,50.00%,100.0,8390.0,8690.0,839000.0,869000.0,0.4791238877481177,0.7,1.0,-75512.99364293822,-62777.11146814051,-88009.46368412263,-111107.98941510392,-91862.76402313303,-126396.77047055571,-90175.40151379308,-91862.76402313303,-88477.73932938898
open,Pending Delivery,f.2024.179,Trade,10/14/2024,12/31/2024,2025-01-15,Not Delivered,ECO PACK CONSULTING (ELECPLUGG) ,Lagelouze 2,100.00%,1.53,6100.0,7500.0,9333.0,11475.0,0.024640657084188913,1.0,0.29,-1781.1646817421217,3410.697134439101,-1889.8029431573268,-1919.208960495992,3299.631332040631,-2007.3962374883586,-1919.208960495992,956.8930862917829,-2007.3962374883586
open,Pending Delivery,f.2024.180,Trade,10/9/2024,3/31/2025,2025-03-31,Not Delivered,Sonergia,Total Marketing France,50.00%,500.0,8370.0,8400.0,4185000.0,4200000.0,0.2299794661190965,0.7,0.27,-325178.1808854515,-200329.5544732845,-407506.079392769,-456242.2243574635,-304612.54795142775,-534036.6868544044,-307994.9710587426,-82245.38794688552,-373825.6807980832
open,Pending Delivery,f.2024.180,Trade,10/9/2024,6/30/2025,2025-06-30,Not Delivered,Sonergia,Total Marketing France,50.00%,500.0,8370.0,8400.0,4185000.0,4200000.0,0.4791238877481177,0.7,0.27,-467161.745714789,-304213.06881497195,-584719.5796935873,-660259.7212793246,-449542.3014610705,-776238.0588081876,-444372.23282796633,-121376.42139448907,-543366.6411657314
open,Pending Contract,f.2024.182,Trade,10/8/2024,6/30/2025,2025-06-30,Not Delivered,Ace Energie,Thevenin Ducrot (Avia),50.00%,200.0,8400.0,8600.0,1680000.0,1720000.0,0.4791238877481177,0.7,0.35,-162763.23553765332,-127318.62838339545,-194456.32248025585,-235371.54821881015,-185615.0975014057,-271269.81745893403,-150808.89718970552,-64965.28412549199,-189888.87222125378
open,Pending Contract,f.2024.182,Trade,10/8/2024,6/30/2025,2025-06-30,Not Delivered,Ace Energie,Thevenin Ducrot (Avia),50.00%,100.0,8400.0,8600.0,840000.0,860000.0,0.4791238877481177,0.7,0.35,-81273.36829434945,-63711.90222498896,-97143.68089444935,-117631.15603159684,-92786.22705254632,-135571.44853465044,-75358.15696359289,-32475.179468391223,-94900.01397425527
open,Pending Contract,f.2024.187,Trade,10/16/2024,3/30/2025,2025-03-30,Not Delivered,Sonergia,Octopus Energy,100.00%,30.0,8300.0,8200.0,249000.0,246000.0,0.2272416153319644,0.7,,-24054.654911161335,-9780.31897289297,-30323.141915195596,-32469.026557703815,-16010.633793199791,-37872.800752767595,,,-26510.96052693731
open,Pending Delivery,f.2024.190,Trade,10/15/2024,1/15/2025,2025-01-15,Not Delivered,Maisons eco,Lagelouze 2,100.00%,2.55,6500.0,7500.0,16575.0,19125.0,0.024640657084188913,0.7,0.29,-2968.9003524581285,4665.062347097931,-3150.0144353169126,-3199.613900058146,4479.734549854706,-3346.7192112927614,-2239.7297300407017,1299.1230194578645,-2342.703447904933
open,Pending Delivery,f.2024.192,Trade,10/10/2024,12/31/2024,2025-01-15,Not Delivered,BAT FULL (Elecplugg),Lagelouze 2,100.00%,8.0,6800.0,7500.0,54400.0,60000.0,0.024640657084188913,1.0,0.29,-9312.312305142532,12234.589024791614,-9878.944069961597,-10035.951920317839,11652.838409359802,-10498.076673817892,-10035.951920317839,3379.323138714342,-10498.076673817892
open,Pending Delivery,f.2024.193,Trade,10/21/2024,1/21/2025,2025-01-21,Not Delivered,FAVL Carbone,Lagelouze 2,100.00%,2.55,6200.0,7500.0,15810.0,19125.0,0.04106776180698152,0.7,0.29,-3077.942102893201,5293.290667850645,-3313.2047690907198,-3378.2714025022547,5056.368170275687,-3570.123004071474,-2364.789981751579,1466.346769379949,-2499.0861028500312
open,Pending Delivery,f.2024.194,Trade,10/16/2024,1/16/2025,2025-01-16,Not Delivered,MZ Batiment (ElecPlugg),Lagelouze 2,100.00%,80.0,6500.0,7500.0,520000.0,600000.0,0.02737850787132101,1.0,0.29,-93735.61701511555,145544.54844249465,-99712.15432832758,-101372.70154892196,139427.25806339525,-106253.90085893405,-101372.70154892196,40433.90483838462,-106253.90085893405
open,Pending Contract,f.2024.196,Trade,10/23/2024,11/10/2024,2025-01-15,Not Delivered,Emmaüs Habitat,Auchan Energies,50.00%,4.213802,8380.0,8400.0,35311.66076,35395.9368,0.024640657084188913,0.35,1.0,-1122.4062415641038,-214.6008825450914,-1413.3139953274901,-1499.1271159560354,-519.9507295852575,-1738.961993759198,-599.9528206746087,-519.9507295852575,-608.6366978157193
open,Pending Contract,f.2024.196,Trade,10/23/2024,11/10/2024,2025-01-15,Not Delivered,Emmaüs Habitat,Auchan Energies,50.00%,6.199068,9380.0,9400.0,58147.25784,58271.2392,0.024640657084188913,0.35,1.0,-6089.749416826694,-6512.547641035479,4124.438724641277,-6622.890319387727,-6961.114466097536,3643.9100129678986,-6622.890319387727,-6961.114466097536,1275.3685045387645
open,Pending Contract,f.2024.197,Trade,10/10/2024,11/10/2024,2025-01-15,Not Delivered,Commune de Castries,Lagelouze 2,100.00%,0.356512,6500.0,7500.0,2317.328,2673.84,0.024640657084188913,0.35,0.29,-414.9393020910315,652.1400457019964,-440.41407365911215,-447.2748710586331,626.2106177495319,-467.8963692491122,-156.54620487052156,181.60107914736423,-163.76372923718927
open,Pending Contract,f.2024.198,Trade,10/10/2024,11/10/2024,2025-01-15,Not Delivered,WILDERSBACH,Lagelouze 2,100.00%,1.2864,6500.0,7500.0,8361.6,9648.0,0.024640657084188913,0.7,0.29,-1497.600506744964,2353.4039152541764,-1588.9494187891469,-1614.5603899655732,2259.961754900631,-1689.351817877146,-1130.192272975901,655.3889089211829,-1182.5462725140026
open,Pending Delivery,f.2024.199,Trade,10/22/2024,1/22/2025,2025-01-22,Not Delivered,I.R.G.T,Lagelouze 2,100.00%,2.55,6500.0,7500.0,16575.0,19125.0,0.04380561259411362,0.85,0.29,-3092.905359318566,4508.238856163489,-3335.5643014015877,-3403.298427896974,4264.0959885879565,-3601.8014724005825,-2892.803663712427,1236.5878366905076,-3061.5312515404958
open,Pending Delivery,f.2024.200,Trade,10/24/2024,1/24/2025,2025-01-24,Not Delivered,M3 BAT,Lagelouze 2,100.00%,0.85,6500.0,7500.0,5525.0,6375.0,0.049281314168377825,0.85,0.29,-1041.767939636656,1490.0010383754948,-1127.6906463367618,-1151.6308098668694,1403.6162285726866,-1221.998034237188,-978.8861883868395,407.04870628607904,-1038.6983291016097
open,Pending Delivery,f.2024.201,Trade,10/25/2024,12/31/2024,2025-01-15,Not Delivered,CCM,Lagelouze 2,100.00%,5.1,6900.0,7500.0,35190.0,38250.0,0.024640657084188913,0.5,0.29,-5936.143658070327,7290.614778677385,-6298.241956038235,-6397.675193814947,6920.4907950256065,-6692.083043182223,-3198.8375969074737,2006.942330557426,-3346.0415215911116
open,Pending Delivery,f.2024.202,Trade,10/25/2024,12/31/2024,2025-01-15,Not Delivered,Calagogo,Lagelouze 2,100.00%,9.775,6434.782609,7500.0,62900.0,73312.5,0.024640657084188913,0.35,0.29,-11379.662609527002,18525.122750116425,-12071.635323225953,-12263.029365270555,17812.573589577776,-12827.796188563332,-4292.060277844695,5165.646340977555,-4489.728665997166
open,Pending Delivery,f.2024.203,Trade,10/25/2024,12/31/2024,2025-01-15,Not Delivered,Nai'A,Lagelouze 2,100.00%,14.654,6377.726218,7500.0,93459.2,109905.0,0.024640657084188913,1.0,0.29,-17055.887246279017,28597.766692179302,-18099.329209783402,-18386.078247761117,27535.58463197896,-19235.43376557301,-18386.078247761117,7985.319543273902,-19235.43376557301
open,Pending Delivery,f.2024.204,Trade,10/25/2024,12/31/2024,2025-01-15,Not Delivered,OTC Flow France,Lagelouze 2,100.00%,1.258,6270.27027,7500.0,7888.0,9435.0,0.024640657084188913,0.5,0.29,-1464.058580225018,2590.319514108668,-1553.2991305585106,-1577.9046402585573,2499.137974472926,-1650.6347610230464,-788.9523201292786,724.7500125971486,-825.3173805115232
open,Pending Delivery,f.2024.205,Trade,10/25/2024,12/31/2024,2025-01-15,Not Delivered,Palais de la Mer,Lagelouze 2,100.00%,7.735,6503.076923,7500.0,50301.3,58012.5,0.024640657084188913,0.29,0.29,-9002.698998352718,14129.395965944132,-9553.074121457628,-9702.234737039333,13569.393863165233,-10148.669327040494,-2813.6480737414063,3935.1242203179168,-2943.114104841742
open,Pending Contract,f.2024.210,Trade,10/14/2024,3/30/2025,2025-03-30,Not Delivered,Installors (open),Thevenin Ducrot (Avia),50.00%,0.0,6800.0,7928.0,0.0,0.0,0.2272416153319644,0.85,0.35,0.0,0.0,0.0,0.0,0.0,0.0,0.0,0.0,0.0
open,Pending Delivery,f.2024.211,Trade,10/29/2024,1/29/2025,2025-01-29,Not Delivered,THEO ENERGYE,Lagelouze 2,100.00%,1.7,6500.0,7500.0,11050.0,12750.0,0.06297056810403832,0.7,0.29,-2129.278231636919,2921.98731542019,-2324.104959787447,-2378.8186561073553,2727.6156759633086,-2538.6213141508824,-1665.1730592751485,791.0085460293595,-1777.034919905618
open,Pending Delivery,f.2024.212,Trade,7/18/2024,10/18/2024,2025-01-15,Not Delivered,Ecotherm Habitat,Lagelouze 2,100.00%,2.55,6650.0,7500.0,16957.5,19125.0,0.024640657084188913,1.0,0.29,-2968.08304379556,4283.4135589583575,-3148.9175577668425,-3199.025538471756,4098.449384988832,-3346.3957796135533,-3199.025538471756,1188.5503216467614,-3346.3957796135533
open,Pending Delivery,f.2024.213,Trade,10/9/2024,1/1/2025,2025-01-15,Not Delivered,S2EE,Lagelouze 2,100.00%,24.0,7300.0,7500.0,175200.0,180000.0,0.024640657084188913,0.7,0.29,-27930.66847794864,24696.91094518023,-29640.060126129403,-30105.33623803194,22956.715212570656,-31491.203972148618,-21073.735366622353,6657.44741164549,-22043.84278050403
open,Pending Delivery,f.2024.214,Trade,10/24/2024,1/28/2025,2025-01-28,Not Delivered,INSPECTION ET RENOVATION DE L HABITAT,Lagelouze 2,100.00%,0.85,6150.0,7500.0,5227.5,6375.0,0.06023271731690623,0.85,0.29,-1061.0877453901599,1764.2019864810911,-1156.2680856012055,-1182.774904163785,1669.1288260159777,-1260.573675179645,-1005.3586685392174,484.0473595446333,-1071.487623902698
open,Pending Contract,f.2024.215,Trade,11/5/2024,9/30/2025,2025-09-30,Not Delivered,Installors,Economie d'Energie - EDE 8,25.00%,194.309422,6538.95,7800.0,1270579.595,1515613.492,0.731006160164271,0.85,0.5,-318451.78222643636,209955.23341045572,-401828.87328382686,-427130.8145522247,142006.56609082158,-497589.7849470864,-363061.1923693909,71003.28304541079,-422951.3172050235
open,Pending Contract,f.2024.215,Trade,11/5/2024,9/30/2025,2025-09-30,Not Delivered,CARBONE GROUP,Economie d'Energie - EDE 8,50.00%,0.465,6800.0,7800.0,3162.0,3627.0,0.731006160164271,,0.5,-761.3013430627735,380.06655087145657,-961.0985160193944,-1021.0416286059613,216.97187934112173,-1189.7323708352515,,108.48593967056087,
open,Pending Contract,f.2024.215,Trade,11/5/2024,9/30/2025,2025-09-30,Not Delivered,CARBONE GROUP,Economie d'Energie - EDE 8,50.00%,0.465,90.0,0.0,41.85,0.0,0.731006160164271,,0.5,-4389.460811507446,3500.0448418198175,-4589.337975159151,-4649.781675264392,3337.8048877220263,-4818.453575779917,,1668.9024438610131,
open,Pending Delivery,f.2024.217,Trade,11/12/2024,2/12/2025,2025-02-12,Not Delivered,ABD INTERIOR S PARIS,Lagelouze 2,100.00%,1.7,6350.0,7500.0,10795.0,12750.0,0.10130047912388775,0.35,0.29,-2243.1295502646467,3048.721147862151,-2493.3912647481093,-2563.8099138010434,2807.1457445525807,-2769.418139770379,-897.3334698303651,814.0722659202484,-969.2963489196325
open,Pending Delivery,f.2024.218,Trade,11/8/2024,2/8/2025,2025-02-08,Not Delivered,LES TOITS DU VEXIN (FOURNIER),Lagelouze 2,100.00%,1.7,6350.0,7500.0,10795.0,12750.0,0.09034907597535935,0.35,0.29,-2211.5705327387836,3081.9895135329166,-2448.3941832285127,-2514.440739301811,2850.066121396007,-2708.6090144727627,-880.054258755634,826.519175204842,-948.0131550654669
open,Pending Delivery,f.2024.220,Trade,11/14/2024,1/30/2025,2025-01-30,Not Delivered,S2EE,Lagelouze 2,100.00%,627.2,6300.0,7500.0,3951360.0,4704000.0,0.06570841889117043,0.7,0.29,-789062.7608795117,1200002.2722173703,-863004.060650156,-883345.4004079789,1127184.895366852,-943672.3923159116,-618341.7802855852,326883.6196563871,-660570.674621138
open,Pending Delivery,f.2024.221,Trade,11/18/2024,2/18/2025,2025-02-18,Not Delivered,Proclimatech,Lagelouze 2,100.00%,2.55,6500.0,7500.0,16575.0,19125.0,0.11772758384668036,0.7,0.29,-3430.6751362729815,4120.062371839409,-3836.8911731944318,-3952.4284059691954,3730.458834870905,-4286.9193325747665,-2766.6998841784366,1081.8330621125624,-3000.8435328023374
open,Pending Delivery,f.2024.222,Trade,11/18/2024,2/18/2025,2025-02-18,Not Delivered,Isotechmo,Lagelouze 2,100.00%,2.55,6800.0,7500.0,17340.0,19125.0,0.11772758384668036,0.5,0.29,-3427.6604598306685,3353.606388624571,-3834.5747307100546,-3949.264066972178,2963.049025241378,-4283.614868269614,-1974.632033486089,859.2842173199995,-2141.807434134807
open,Pending Contract,f.2024.224,Trade,11/19/2024,12/20/2024,2025-01-15,Not Delivered,Green Yellow,Enens,100.00%,200.0,8150.0,8170.0,1630000.0,1634000.0,0.024640657084188913,0.35,0.85,-98806.3902545455,35889.60485753021,-112975.2406694215,-116893.63177121895,21406.046930327095,-128472.71763224933,-40914.563123495864,18195.139890778028,-44965.45117128726
open,Pending Delivery,f.2024.225,Trade,11/22/2024,2/22/2025,2025-02-22,Not Delivered,Eco Green Flexy,Lagelouze 2,50.00%,2.55,6250.0,7500.0,15937.5,19125.0,0.12867898699520877,,0.29,-3466.831145291741,4714.62134703979,-3892.440416791751,-4013.0066252987317,4306.264330751291,-4363.942594765691,,1248.8166559178744,
open,Pending Delivery,f.2024.226,Trade,11/22/2024,2/22/2025,2025-02-22,Not Delivered,Perfect Batiment,Lagelouze 2,100.00%,7.65,6500.0,7500.0,49725.0,57375.0,0.12867898699520877,,0.29,-10406.573572752708,12231.84502459084,-11678.536723718931,-12041.922996763333,11016.252071134732,-13091.812955259527,,3194.7131006290715,
open,Pending Delivery,f.2024.227,Trade,11/22/2024,6/30/2028,2028-06-30,Not Delivered,LAC2E,ELMY,100.00%,20.0,8500.0,8800.0,170000.0,176000.0,3.479808350444901,0.85,0.85,-50611.52388544862,-30666.85118709352,-68927.90615960197,-78080.85796897301,-43975.113396003646,-96910.82580476458,-66368.72927362708,-37378.84638660311,-82374.20193404988
open,Pending Delivery,f.2024.228,Trade,11/22/2024,3/15/2025,2025-03-15,Not Delivered,REZA CONSEILS,Lagelouze 2,100.00%,12.0,6500.0,7928.0,78000.0,95136.0,0.1861738535249829,1.0,0.29,-12107.50110854116,18233.62695155907,-14533.152755598781,-15234.203896969222,15967.001477087932,-17243.70432691393,-15234.203896969222,4630.4304283555,-17243.70432691393
open,Pending Contract,f.2024.229,Trade,11/4/2024,6/30/2025,2025-06-30,Not Delivered,Installors,Thevenin Ducrot (Avia) - AVIA 4,50.00%,-1.16504e-14,6538.95,8050.0,-7.61814e-11,-9.37857e-11,0.4791238877481177,0.85,0.35,-3.138834239610448e-11,-3.532334344811981e-11,-3.3504640652347364e-12,-3.6494026307801266e-11,-3.978940592138233e-11,-6.735385434180983e-12,-1.2807003038125014e-11,-1.3926292072483818e-11,-5.725077619053836e-12
open,Pending Contract,f.2024.230,Trade,11/28/2024,1/15/2025,2025-01-15,Not Delivered,Premium Energy,Siplec,100.00%,65.0417,8290.0,8800.0,539195.693,572366.96,0.024640657084188913,0.3,0.35,3322.714086758556,2552.148641649387,4200.791909704434,-1546.1805402181785,-2159.135538416375,-818.2465283971412,-509.35721453357615,-755.6974384457311,-245.47395851914243
open,Pending Contract,f.2024.231,Trade,12/6/2024,1/30/2025,2025-01-30,Not Delivered,Ekwateur,Total Marketing France,50.00%,190.0,8170.0,8170.0,1552300.0,1552300.0,0.06570841889117043,0.5,0.27,-111761.03523174775,8131.639875263144,-134204.03704437168,-140412.35233138784,-14051.480278550818,-158743.4880673123,-70205.1219614663,-3793.899675208721,-79371.74403365616
open,Pending Contract,f.2024.231,Trade,12/6/2024,1/30/2025,2025-01-30,Not Delivered,Installors,Total Marketing France,100.00%,950.0,8170.0,8170.0,7761500.0,7761500.0,0.06570841889117043,0.85,0.27,-559068.6668382109,40398.473878729776,-671093.1274198132,-702226.9908720377,-70050.472580582,-793705.3029382079,-596883.900847769,-18913.627596757135,-674649.5074974768
open,Pending Contract,f.2024.232,Trade,12/6/2024,1/30/2025,2025-01-30,Not Delivered,Installors (production Lagelouze),Ekwateur,33.33%,190.0,6542.0,7920.0,1242980.0,1504800.0,0.06570841889117043,0.85,0.5,-159292.0423245474,317456.6603518222,-181745.15456379417,-187901.87380489914,295451.2779927675,-206187.4352816676,-159716.5927341642,147725.63899638376,-175259.31998941745
open,Pending Contract,f.2024.233,Trade,12/10/2024,6/30/2025,2025-06-30,Not Delivered,OPAC SAVOIE,Total Marketing France,50.00%,10.9,8020.0,8170.0,87418.0,89053.0,0.4791238877481177,,0.27,-11702.22293665666,-2813.0458885696903,-15271.713002821152,-16396.38486825477,-5964.097618309723,-19440.39984364897,,-1610.3063569436251,
open,Pending Contract,f.2024.233,Trade,12/10/2024,6/30/2025,2025-06-30,Not Delivered,OPAC SAVOIE,Total Marketing France,50.00%,9.7,8020.0,8170.0,77794.0,79249.0,0.4791238877481177,,0.27,-10427.19821896149,-2486.87426995896,-13592.66177227055,-14603.055823600464,-5315.255778374706,-17311.908173735013,,-1435.1190601611706,
open,Pending Contract,f.2024.234,Trade,12/11/2024,6/30/2025,2025-06-30,Not Delivered,Installors (production Lagelouze),Armorine,50.00%,300.0,6542.0,7500.0,1962600.0,2250000.0,0.4791238877481177,0.85,0.5,-519947.434584124,365579.4651113956,-621336.741767818,-651340.8323737179,278482.22272856726,-736297.8582130299,-553639.7075176602,139241.11136428363,-625853.1794810754
open,Pending Contract,f.2024.235,Trade,12/12/2024,6/30/2025,2025-06-30,Not Delivered,Atax Consultants,Total Marketing France,100.00%,210.125338,7800.0,8170.0,1638977.636,1716724.011,0.4791238877481177,0.5,0.27,-224371.27525476227,-7955.36546554332,-294849.853719814,-316116.4119604651,-69299.9221256397,-375529.8836579651,-157959.01767341394,-18710.978973922724,-187764.94182898256
open,Pending Contract,f.2024.235,Trade,12/12/2024,6/30/2025,2025-06-30,Not Delivered,Atax Consultants,Siplec,100.00%,100.295963,9660.0,8450.0,968859.0026,847500.8874,0.4791238877481177,0.5,0.35,-167898.28844793772,-190381.96833167484,-112532.25675325787,-201643.307654303,-219484.3138273622,-150890.45997357107,-76877.23011016884,-76819.50983957676,-75445.22998678553
open,Pending Contract,f.2024.237,Trade,12/12/2024,6/30/2025,2025-06-30,Not Delivered,Installors (production Lagelouze),Siplec,100.00%,150.0,6500.0,8450.0,975000.0,1267500.0,0.4791238877481177,0.85,0.35,-117787.98878891721,189176.8250040179,-168445.23187537954,-183447.59919756968,145664.13617554298,-225959.9649836931,-155930.4593179342,50982.44766144004,-192065.9702361391
open,Pending Contract,f.2024.186,Trade,12/13/2024,6/30/2025,2025-06-30,Not Delivered,Meurthe-et-Moselle Habitat,Auchan Energies,50.00%,33.862507,8120.0,8400.0,274963.5568,284445.0588,0.4791238877481177,0.35,1.0,-29849.411361443086,-12095.54717019556,-39737.367851760544,-43795.796528330844,-21976.66281435276,-52769.20162136084,-20269.905853144915,-21976.66281435276,-18469.220567476295
open,Pending Contract,f.2024.186,Trade,12/13/2024,6/30/2025,2025-06-30,Not Delivered,Meurthe-et-Moselle Habitat,Auchan Energies,50.00%,50.480432,8650.0,9380.0,436655.7368,473506.4522,0.4791238877481177,0.35,1.0,-34097.531395558966,-44704.79589958994,-9708.949991025063,-50942.635235764974,-59356.99253795606,-29029.115226483373,-48232.59837967691,-59356.99253795606,-10160.19032926918
open,Pending Contract,f.2024.186,Trade,12/13/2024,6/30/2025,2025-06-30,Not Delivered,Habitats de Haute-Alsace OPH,Auchan Energies,50.00%,17.365676,8120.0,8400.0,141009.2891,145871.6784,0.4791238877481177,0.35,1.0,-15265.963217666462,-6239.897285695118,-20308.886794853086,-22391.42194908998,-11286.32804193418,-26985.69639572734,-10386.617866869907,-11286.32804193418,-9444.993738504567
open,Pending Contract,f.2024.186,Trade,12/13/2024,6/30/2025,2025-06-30,Not Delivered,Habitats de Haute-Alsace OPH,Auchan Energies,50.00%,27.161701,8650.0,9380.0,234948.7137,254776.7554,0.4791238877481177,0.35,1.0,-18362.780895176464,-24073.155001426352,-5312.279573656312,-27446.606800134603,-31990.129710905414,-15696.245781894264,-25980.015827586394,-31990.129710905414,-5493.686023662992
open,Pending Delivery,f.2024.238,Trade,12/16/2024,12/31/2025,2025-12-31,Not Delivered,JETT TECHNIC,Lagelouze 2,100.00%,1.7,5800.0,7500.0,9860.0,12750.0,0.9828884325804244,,0.29,-3612.525774957389,2901.4439820468942,-4477.009943548821,-4742.010156431746,2227.589196807873,-5476.5111303002295,,646.0008670742833,
open,Pending Contract,f.2024.239,Trade,12/16/2024,1/30/2025,2025-01-30,Not Delivered,Ekwateur,Total Marketing France,33.33%,300.0,7750.0,8170.0,2325000.0,2451000.0,0.06570841889117043,0.5,0.27,-176464.72928242988,139064.40068141487,-211722.987096778,-221588.51285265043,104097.51791486534,-250443.70529575867,-110794.25642632521,28106.329837013644,-125221.85264787934
open,Pending Contract,f.2024.239,Trade,12/16/2024,1/30/2025,2025-01-30,Not Delivered,Installors (production Lagelouze),Ekwateur,33.33%,300.0,6542.0,7500.0,1962600.0,2250000.0,0.06570841889117043,0.85,0.5,-377638.4546492153,501471.88454826304,-412888.7320076377,-422717.45628495316,466608.45991218055,-451600.5080044402,-359309.83784221014,233304.22995609028,-383860.4318037742
open,Pending Contract,f.2024.240,Trade,12/20/2024,12/24/2024,2025-01-15,Not Delivered,CAPITAL ENERGY,Total Marketing France,50.00%,73.0,7900.0,8300.0,576700.0,605900.0,0.024640657084188913,,0.27,-26554.840550067776,31336.98971279974,-31732.168962612068,-33157.61797089214,26028.018515606836,-37371.22436658018,,7027.564999213847,
open,Pending Contract,f.2024.241,Trade,12/20/2024,12/24/2024,2025-01-15,Not Delivered,CAPITAL ENERGY,Total Marketing France,50.00%,189.0,7900.0,8170.0,1493100.0,1544130.0,0.024640657084188913,,0.27,-93382.75798170269,81274.92754284976,-106778.35145117286,-110438.55841841498,67556.52902660843,-121315.48124870374,,18240.26283718428,
open,Pending Contract,f.2024.242,Trade,12/19/2024,7/31/2025,2025-07-31,Not Delivered,Easy Energy,Lagelouze 2,100.00%,85.0,7000.0,7500.0,595000.0,637500.0,0.5639972621492129,0.5,0.29,-153509.00821938206,60192.32148003366,-184933.71316206417,-194381.46066271895,33636.250696966585,-220867.9745966493,-97190.73033135947,9754.512702120306,-110433.98729832465
open,Pending Contract,f.2024.243,Trade,12/12/2024,6/30/2025,2025-06-30,Not Delivered,ATEX RENOV,Lagelouze 2,100.00%,16.32,6000.0,7500.0,97920.0,122400.0,0.4791238877481177,1.0,0.29,-28290.610559157445,28759.916437866388,-33803.469510697134,-35434.55242651033,24038.13126644257,-40048.97385701248,-35434.55242651033,6971.058067268345,-40048.97385701248
open,Pending Contract,f.2024.243,Trade,12/12/2024,6/30/2025,2025-06-30,Not Delivered,ATEX RENOV,Lagelouze 2,100.00%,4.08,6500.0,7500.0,26520.0,30600.0,0.4791238877481177,1.0,0.29,-7070.173970750349,5145.757038092964,-8450.423853937682,-8857.910501187482,3955.699570302077,-10014.089358587013,-8857.910501187482,1147.152875387602,-10014.089358587013
open,Pending Delivery,f.2025.999,Trade,1/2/2025,4/2/2025,2025-04-02,Not Delivered,DIGISHOP (GREFFEN),Lagelouze 2,100.00%,13.6,5800.0,7500.0,78880.0,102000.0,0.23545516769336072,1.0,0.29,-20338.497076864616,29445.11898444468,-23458.024514131648,-24355.031017433725,26572.21091855935,-26940.82997528605,-24355.031017433725,7705.941166382211,-26940.82997528605
open,Pending Delivery,f.2025.999,Trade,1/2/2025,12/31/2025,2025-12-31,Not Delivered,Habitat Energie,Lagelouze 2,100.00%,25.5,6200.0,7500.0,158100.0,191250.0,0.9828884325804244,0.7,0.29,-54159.92676875498,33255.356338232785,-67177.09535151879,-71163.41982139545,23093.91031647685,-82213.70491977256,-49814.39387497681,6697.233991778286,-57549.59344384078
open,Pending Delivery,f.2025.999,Trade,1/2/2025,12/31/2025,2025-12-31,Not Delivered,REZA CONSEILS,Lagelouze 2,100.00%,2.55,6200.0,7500.0,15810.0,19125.0,0.9828884325804244,1.0,0.29,-5421.0849471437805,3318.1230147205565,-6714.927560692444,-7117.64440220515,2307.7478325191896,-8223.23293538473,-7117.64440220515,669.2468714305649,-8223.23293538473
open,Pending Contract,f.2024.188,Trade,11/28/2024,3/30/2025,2025-03-30,Not Delivered,Premium Energy,Siplec,100.00%,300.0,8342.0,8800.0,2502600.0,2640000.0,0.2272416153319644,0.3,0.35,-116976.90425603262,-110695.29046843498,-123885.39533436057,-186397.19541152543,-172820.74123521248,-199453.93179564606,-60173.38512237457,-60487.25943232437,-59836.17953869382
open,Pending Contract,f.2024.188,Trade,11/28/2024,3/30/2025,2025-03-30,Not Delivered,Premium Energy,Siplec,100.00%,200.0,8342.0,8800.0,1668400.0,1760000.0,0.2272416153319644,0.3,0.35,-77774.0789391562,-73845.88975516985,-82092.71141429871,-123978.7941624866,-115293.80654031344,-132357.43728639846,-40040.316493823644,-40352.832289109705,-39707.23118591954
open,Pending Contract,f.2024.230,Trade,11/28/2024,4/30/2025,2025-04-30,Not Delivered,Premium Energy,Siplec,100.00%,260.0,8290.0,8800.0,1616550.0,1716000.0,0.31211498973305957,0.3,0.35,-122860.61396419392,-103987.99361079611,-141718.95359661084,-195354.16226952133,-166785.0658464344,-219689.24627174257,-62314.302073012295,-58374.77304625204,-65906.77388152278
